<?xml version="1.0" encoding="UTF-8"?>
<project-private xmlns="http://www.netbeans.org/ns/project-private/1">
    <editor-bookmarks xmlns="http://www.netbeans.org/ns/editor-bookmarks/2" lastBookmarkId="0"/>
    <open-files xmlns="http://www.netbeans.org/ns/projectui-open-files/2">
        <group>
            <file>file:/C:/Users/Arusu/Downloads/SampleSpringApplication/src/java/co/edu/ucatolica/as/DAOs/MySqlFactoryDao.java</file>
            <file>file:/C:/Users/Arusu/Downloads/SampleSpringApplication/web/js/SmoothScroll.min.js</file>
            <file>file:/C:/Users/Arusu/Downloads/SampleSpringApplication/web/redirect.jsp</file>
            <file>file:/C:/Users/Arusu/Downloads/SampleSpringApplication/web/js/bootstrap.js</file>
            <file>file:/C:/Users/Arusu/Downloads/SampleSpringApplication/web/WEB-INF/web.xml</file>
            <file>file:/C:/Users/Arusu/Downloads/SampleSpringApplication/web/WEB-INF/dispatcher-servlet.xml</file>
            <file>file:/C:/Users/Arusu/Downloads/SampleSpringApplication/src/java/co/edu/ucatolica/as/controllers/HelloWorldController.java</file>
            <file>file:/C:/Users/Arusu/Downloads/SampleSpringApplication/web/WEB-INF/jsp/persona_consultar.jsp</file>
            <file>file:/C:/Users/Arusu/Downloads/SampleSpringApplication/web/WEB-INF/jsp/persona_crear.jsp</file>
            <file>file:/C:/Users/Arusu/Downloads/SampleSpringApplication/src/java/co/edu/ucatolica/as/DAOs/OracleFactoryDao.java</file>
            <file>file:/C:/Users/Arusu/Downloads/SampleSpringApplication/src/java/co/edu/ucatolica/as/bds/Test_MySqlDataSource.java</file>
            <file>file:/C:/Users/Arusu/Downloads/SampleSpringApplication/src/java/co/edu/ucatolica/as/controllers/PersonaControllers.java</file>
            <file>file:/C:/Users/Arusu/Downloads/SampleSpringApplication/src/java/co/edu/ucatolica/as/DAOs/PersonaMySqlFactoryDao.java</file>
            <file>file:/C:/Users/Arusu/Downloads/SampleSpringApplication/src/java/co/edu/ucatolica/as/DAOs/PersonaDAO.java</file>
            <file>file:/C:/Users/Arusu/Downloads/SampleSpringApplication/web/WEB-INF/applicationContext.xml</file>
            <file>file:/C:/Users/Arusu/Downloads/SampleSpringApplication/web/js/easing.js</file>
            <file>file:/C:/Users/Arusu/Downloads/SampleSpringApplication/web/META-INF/context.xml</file>
            <file>file:/C:/Users/Arusu/Downloads/SampleSpringApplication/src/java/co/edu/ucatolica/as/DAOs/FactoryDao.java</file>
            <file>file:/C:/Users/Arusu/Downloads/SampleSpringApplication/web/js/jquery.flexslider.js</file>
            <file>file:/C:/Users/Arusu/Downloads/SampleSpringApplication/src/java/co/edu/ucatolica/as/bds/MySqlDataSource.java</file>
            <file>file:/C:/Users/Arusu/Downloads/SampleSpringApplication/web/WEB-INF/jsp/index.jsp</file>
            <file>file:/C:/Users/Arusu/Downloads/SampleSpringApplication/src/java/co/edu/ucatolica/as/controllers/Controller.java</file>
            <file>file:/C:/Users/Arusu/Downloads/SampleSpringApplication/src/java/co/edu/ucatolica/as/DTOs/Persona.java</file>
            <file>file:/C:/Users/Arusu/Downloads/SampleSpringApplication/src/java/co/edu/ucatolica/as/DAOs/PersonaMySQLDAO.java</file>
            <file>file:/C:/Users/Arusu/Downloads/SampleSpringApplication/web/WEB-INF/jsp/persona_eliminar.jsp</file>
        </group>
    </open-files>
</project-private>
